user_login,group
nehorai,student
yoav_matmon,student
shelly_biran,student
karnicuri,student
daphna4,student
ziv80379,student
tal80225,student
guy_benmoshe,student
avital12345,student
aylon,student
oria4,student
ronmel4,student
alon7892,student
lihib1,student
adir123,student
hilla_dinerman,student
tamar_keren,student
inbar7,student
arielbetesh,student
dariapierart,student
romi0523809014,student
noga1_,student
gavri10,student
yoav50954,student
yahavcohe,student
tamar_678,student
mohamad_amaria,student
adan_shgor,student
haya_amaria,student
rayan_zubedat,student
jalalhigaze,student
shahed_naarani,student
lmar_amaria,student
fatema_ky,student
merazubidat,student
osyma_somri,student
safa69319,student
fatimah_saadi,student
snabl_ama,student
ghidaa_amrya,student
alon260110,student
mahshevonie,student
qukryw-cejna3-bydcoq,student
bar1243,student
naturalist55507,student
omer3911,student
halleli_hadad,student
idan1693,student
naamain,student
yuval64725,student
keshetda,student
ronad,student
noyhagay,student
itaipasim,student
ziv_asiag,student
yael67197,student
naturalist153900,student
hiba_zubidat,student
liaa2,student
noor_amarya,student
rimas_hindawi,student
afnan33696,student
naturalist187192,student
shaharp,student
maor6,student
sarah_mae,student
tamara3826,student
yonyrambo81,student
joone1,student
baylsan_amaria,student
naturalist167760,student
talen_amaria,student
layan_amaria,student
mcmm,student
seba_amaria,student
mohammed_hilf,student
seba_hilf,student
naturalist155967,student
naturalist125773,student
shira71415,student
yarden2180,student
itamar_avitan121008,student
amitdebeer,student
dana13452,student
noam77112,student
shirasharon,student
tomfirst,student
lior_goldenberg,student
naturalist172614,student
yuvalhi,student
evyatar_frider,student
jaub8wxg,student
naturalist139078,student
uriyaron1,student
tom58492,student
saardavid,student
aviv_priel,student
ghazl_abokmeer,student
mais_jawames,student
noran_rmehat,student
taki_amarya,student
bruria,zevulun
naturalist85243,zevulun
sofikotzev2015,zevulun
asafpeled,zevulun
danimor,zevulun
eliahu,zevulun
racheli3,zevulun
ronitbs,zevulun
orith,zevulun
shavit,zevulun
levilan3,zevulun
naturalist100252,zevulun
tal42,zevulun
michael-fradkin,zevulun
liora7,zevulun
naturalist118043,zevulun
idoamarhadany,yizrael
miri91890,yizrael
ilanbar,yizrael
efrat5,yizrael
PINCHS1,yizrael
ruth52986,yizrael
leororen,yizrael
saraischet2,yizrael
אסף בן-דוד,expert
רחלי שוורץ-צחור,expert
naturalist51343,mechnistim
uv_magn,mechnistim
noam29191,mechnistim
rkremer007,mechnistim
aaaaaaaaamit,community
achiad_davidson,community
adi95324,community
adior,community
aepedersen,community
agam_,community
agrossman,community
ahmad15462,community
alesiiasoifer,community
almog1,community
amalya_melzer,community
amir42,community
amit_goldstein,community
amit85,community
amitko,community
anat-hagai24,community
annerose56,community
anny3005,community
antost,community
areen4,community
argemany,community
ariel-shamir,community
ariel3188,community
ariel99227,community
ariellebh,community
asafbd,community
assaf6,community
assafn,community
atai2,community
ayakra,community
ayinhateva,community
azuremarsh,community
barakujman,community
barel,community
barjas_abojohar,community
be_eri,community
ben_rittner,community
centaur,community
chickenbutter,community
clarktritto,community
cohav,community
dalek_naturalist,community
dalitlan,community
dana771,community
daniel_strong,community
dariakrylenko,community
dena70685,community
didika,community
diklon,community
divid,community
dmittrix,community
doron,community
dsvid,community
duka,community
eben75,community
elenakuraeva,community
elico100,community
elieitanabigail,community
eliraz2,community
eransachsdomidiano,community
erinpeskin,community
eshhar,community
evia,community
evyatarasor28,community
eyalkeren,community
fares12,community
fayez12,community
gal26,community
gal98355,community
gali26,community
galithagay,community
ghayarden,community
gilad96556,community
greenstep_chenp,community
greenstep_liel,community
greenstep-iris,community
guyshavit,community
hadar8,community
hadassh34,community
hady8,community
hagit6,community
harel_ben_lulu,community
hava7,community
haytham7,community
hca12,community
hibasleman,community
hila38619,community
idanst,community
idfnuxvnr,community
ido11152,community
ido23467,community
ido29252,community
idoamibar,community
idog,community
iftachhey,community
ilamm,community
ilona_gefter,community
ilya_zholobov,community
imri1,community
infrared_,community
irityogev,community
itamar_semmel,community
itamar_shalom5764,community
itamarh,community
itamarsaadonfrish,community
itay74265,community
jactm,community
janabusmra,community
jawad1640,community
johannesk,community
kaplinski,community
khaleel2,community
khalilmyroad,community
konstantin81,community
kuzey_isk,community
laurice1,community
lina384,community
lironyativ,community
litalch,community
liya_,community
lsraelismyhome,community
maadamag2,community
maayan_avni,community
maayan12,community
madai2,community
malachigivon,community
mariam_atef_ali,community
mariel58456,community
matan8791,community
matih1973,community
matvei8,community
maya_noach,community
mayailanitk,community
mayyaperry,community
merav5,community
michal16560,community
michalkhale,community
mika38609,community
mishkamidba,community
mitchvandyke,community
mofek,community
mohammed73298,community
mordi1,community
moshe_neeman,community
naama_levy_benyemini,community
naamamigdal,community
nadeen_msarwe,community
naiola,community
naturalist101445,community
naturalist103405,community
naturalist104610,community
naturalist105358,community
naturalist113764,community
naturalist114819,community
naturalist116753,community
naturalist118852,community
naturalist120838,community
naturalist121838,community
naturalist123678,community
naturalist128459,community
naturalist131146,community
naturalist132992,community
naturalist134006,community
naturalist135151,community
naturalist137398,community
naturalist138891,community
naturalist141707,community
naturalist146356,community
naturalist146758,community
naturalist150395,community
naturalist153208,community
naturalist153925,community
naturalist154138,community
naturalist155926,community
naturalist161306,community
naturalist172944,community
naturalist173226,community
naturalist176072,community
naturalist192673,community
naturalist194816,community
naturalist27097,community
naturalist36272,community
naturalist76603,community
naturalist81111,community
naturalist91711,community
naturalist94738,community
naturalist95354,community
nature_defender,community
nesty_nature,community
neveur27,community
nir_,community
nir_c,community
nirar956,community
nitayhaiun,community
nitsan1,community
nitzan4,community
noa_unger,community
noa21,community
noaarbib,community
noahm7,community
noam36,community
noammorad,community
noamoreno,community
nof-hagalil,community
noor49921,community
norsan,community
o33059,community
oferatar,community
ol_ya_want,community
omer45492,community
omer5611,community
omriki,community
omrilium,community
or_prepelizki,community
or_sagi,community
ori_gilad,community
ori_ravid,community
orian6,community
orisegev,community
orithirsch,community
orr_comay,community
osuatonkachi,community
oz-rittner-smnh-tau,community
pastelda,community
pinchas1,community
pinchashochnermole,community
polyabel,community
rachel62761,community
racheli4,community
raed,community
raed_mualem,community
rafi1,community
ramidos,community
ran-h2,community
rayanzoabi,community
retal_nijem,community
reutbpe,community
reutgodley,community
rh2001,community
riad_fakhoury,community
rinatcal,community
roni_de_picciotto,community
roni77791,community
roniavneri,community
ronibendor,community
ronistoppalmen2010,community
ronit_bsh,community
rotem_gesser,community
rotem_m,community
rupicapra,community
sahardvoskin,community
saleemmrowat,community
sammytreetop,community
sanantonionature,community
sarafiscer2,community
sean815,community
seefaldeen_habrat,community
selen123,community
shadakb,community
shahar__,community
shaharavni,community
shai62756,community
shai74,community
shakedbachbut,community
shalem_kurman,community
shani_gavriel,community
shani62345,community
shir74563,community
shira98078,community
shlomi_levi,community
shmuelabinun,community
simon49316,community
solssssssss,community
sophianazarova,community
tal_l,community
tal_sofer,community
tal30661,community
talia32684,community
talital1,community
talkokh,community
talselitsky,community
talshaul,community
tamar_hareven,community
tamarbettesh,community
tamarya,community
tatyana62496,community
tom_shacham,community
tomer_shaul_weizman,community
tomer71428,community
tomerheshes,community
trouve,community
truffula_tree,community
tsur,community
tzofia_koch,community
uri_sacagiu,community
uri98746,community
urielevy,community
urifi,community
urishapira,community
watanhosen,community
wetsock1879,community
wneser,community
yaelago,community
yaelorgad,community
yaelron9,community
yair_ben_perets,community
yair40,community
yakov_salaviz,community
yali1406,community
yanadu,community
yardenka,community
yeela13tal,community
yelena_antipova,community
yishay,community
ynagar,community
yoel79,community
yosef1234567,community
yosish,community
yotamgel,community
yotamit,community
yuvalev,community
ziv23072,community
zohar_a,community
zoharby,community
